MNIMI,MKOOD
Jõgeva maakond,0049
Järva maakond,0051
Tartu maakond,0078
Lääne maakond,0057
Valga maakond,0082
Võru maakond,0086
Saare maakond,0074
Pärnu maakond,0067
Põlva maakond,0065
Harju maakond,0037
Rapla maakond,0070
Ida-Viru maakond,0044
Lääne-Viru maakond,0059
Viljandi maakond,0084
Hiiu maakond,0039